[{"pos_x": 24.305847, "pos_y": 54.909353, "rotation": 0.0, "side": "top", "designator": "D9", "mpn": null, "pack": "D_SOD-123", "value": " SZMMSZ5222BT1G ", "mount_type": "smt", "place": true}, {"pos_x": -0.000953, "pos_y": 0.000353, "rotation": 180.0, "side": "top", "designator": "MM1", "mpn": null, "pack": "coils_IPS_Sensor_OD32_ID18", "value": "OD32_ID16,_IPS2200_sensor_coil", "mount_type": "smt", "place": true}, {"pos_x": -14.675953, "pos_y": 22.710353, "rotation": 45.0, "side": "top", "designator": "C34", "mpn": null, "pack": "C_0603_1608Metric", "value": "47n", "mount_type": "smt", "place": true}, {"pos_x": -16.552945, "pos_y": 14.583361, "rotation": -135.0, "side": "top", "designator": "C27", "mpn": null, "pack": "C_0603_1608Metric", "value": "100p", "mount_type": "smt", "place": true}, {"pos_x": -13.875953, "pos_y": 21.310353, "rotation": 45.0, "side": "top", "designator": "C35", "mpn": null, "pack": "C_0603_1608Metric", "value": "47n", "mount_type": "smt", "place": true}, {"pos_x": -18.425953, "pos_y": 14.810353, "rotation": -135.0, "side": "top", "designator": "C29", "mpn": null, "pack": "C_0603_1608Metric", "value": "100p", "mount_type": "smt", "place": true}, {"pos_x": -29.555953, "pos_y": 26.570353, "rotation": 90.0, "side": "top", "designator": "SW1", "mpn": null, "pack": "SW_SPST_PTS810", "value": "SW_Push", "mount_type": "smt", "place": true}, {"pos_x": -23.014353, "pos_y": 60.903753, "rotation": 0.0, "side": "top", "designator": "C4", "mpn": null, "pack": "C_0805_2012Metric", "value": "1u", "mount_type": "smt", "place": true}, {"pos_x": 20.77498, "pos_y": 48.889553, "rotation": 180.0, "side": "top", "designator": "C15", "mpn": null, "pack": "C_0603_1608Metric", "value": "100n", "mount_type": "smt", "place": true}, {"pos_x": -26.365953, "pos_y": 26.630353, "rotation": -90.0, "side": "top", "designator": "C3", "mpn": null, "pack": "C_0603_1608Metric", "value": "100n", "mount_type": "smt", "place": true}, {"pos_x": 11.547605, "pos_y": 61.721553, "rotation": 0.0, "side": "top", "designator": "JP1", "mpn": null, "pack": "PinHeader_1x02_P2.54mm_Vertical", "value": "termination R", "mount_type": "tht", "place": true}, {"pos_x": -24.273961, "pos_y": 23.818361, "rotation": 135.0, "side": "top", "designator": "C33", "mpn": null, "pack": "C_0603_1608Metric", "value": "47n", "mount_type": "smt", "place": true}, {"pos_x": -28.768456, "pos_y": 40.181665, "rotation": -90.0, "side": "top", "designator": "SW2", "mpn": null, "pack": "C J S - 1 2 0 1 T B 1", "value": "BOOT0", "mount_type": "smt", "place": true}, {"pos_x": -1.271953, "pos_y": 36.748353, "rotation": 45.0, "side": "top", "designator": "C12", "mpn": null, "pack": "C_0603_1608Metric", "value": "100n", "mount_type": "smt", "place": true}, {"pos_x": -15.483753, "pos_y": 50.515153, "rotation": 180.0, "side": "top", "designator": "R18", "mpn": null, "pack": "R_0603_1608Metric", "value": "325", "mount_type": "smt", "place": true}, {"pos_x": -18.325953, "pos_y": 24.510353, "rotation": 135.0, "side": "top", "designator": "C24", "mpn": null, "pack": "C_0603_1608Metric", "value": "100n", "mount_type": "smt", "place": true}, {"pos_x": -16.625953, "pos_y": 63.170353, "rotation": 180.0, "side": "top", "designator": "R7", "mpn": null, "pack": "R_0603_1608Metric", "value": "10k", "mount_type": "smt", "place": true}, {"pos_x": -14.225953, "pos_y": 17.585353, "rotation": -45.0, "side": "top", "designator": "R2", "mpn": null, "pack": "R_0603_1608Metric", "value": "22", "mount_type": "smt", "place": true}, {"pos_x": -15.309316, "pos_y": 16.543716, "rotation": -45.0, "side": "top", "designator": "R3", "mpn": null, "pack": "R_0603_1608Metric", "value": "22", "mount_type": "smt", "place": true}, {"pos_x": -28.245916, "pos_y": 18.357916, "rotation": 135.0, "side": "top", "designator": "R12", "mpn": null, "pack": "R_0603_1608Metric", "value": "2k2", "mount_type": "smt", "place": true}, {"pos_x": -27.975553, "pos_y": 54.185686, "rotation": -90.0, "side": "top", "designator": "D1", "mpn": null, "pack": "D_SOD-323", "value": "CUS10S30,H3F", "mount_type": "smt", "place": true}, {"pos_x": -11.159553, "pos_y": 57.353753, "rotation": 0.0, "side": "top", "designator": "R9", "mpn": null, "pack": "R_0603_1608Metric", "value": "1k3", "mount_type": "smt", "place": true}, {"pos_x": -23.970089, "pos_y": 35.425353, "rotation": 90.0, "side": "top", "designator": "J8", "mpn": null, "pack": "PinHeader_2x03_P2.54mm_Vertical", "value": "SWD", "mount_type": "tht", "place": true}, {"pos_x": -0.570208, "pos_y": 31.284616, "rotation": -135.0, "side": "top", "designator": "Y1", "mpn": null, "pack": "Crystal_SMD_EuroQuartz_MJ-4Pin_5.0x3.2mm", "value": "8MHz", "mount_type": "smt", "place": true}, {"pos_x": -29.919553, "pos_y": 54.194686, "rotation": -90.0, "side": "top", "designator": "D2", "mpn": null, "pack": "D_SOD-323", "value": "CUS10S30,H3F", "mount_type": "smt", "place": true}, {"pos_x": 13.610651, "pos_y": 52.928153, "rotation": 0.0, "side": "top", "designator": "R13", "mpn": null, "pack": "R_1206_3216Metric", "value": "2R2", "mount_type": "smt", "place": true}, {"pos_x": -15.483753, "pos_y": 48.991153, "rotation": 180.0, "side": "top", "designator": "R19", "mpn": null, "pack": "R_0603_1608Metric", "value": "750", "mount_type": "smt", "place": true}, {"pos_x": -8.296961, "pos_y": 31.247345, "rotation": -135.0, "side": "top", "designator": "C7", "mpn": null, "pack": "C_0603_1608Metric", "value": "100n", "mount_type": "smt", "place": true}, {"pos_x": 18.311447, "pos_y": 39.008953, "rotation": 180.0, "side": "top", "designator": "C21", "mpn": null, "pack": "C_0603_1608Metric", "value": "100n", "mount_type": "smt", "place": true}, {"pos_x": -11.152553, "pos_y": 58.871753, "rotation": 180.0, "side": "top", "designator": "D3", "mpn": null, "pack": "LED_0603_1608Metric", "value": "RED", "mount_type": "smt", "place": true}, {"pos_x": -17.623961, "pos_y": 12.410353, "rotation": 135.0, "side": "top", "designator": "C26", "mpn": null, "pack": "C_0603_1608Metric", "value": "2n2", "mount_type": "smt", "place": true}, {"pos_x": -28.991553, "pos_y": 58.884686, "rotation": -90.0, "side": "top", "designator": "F1", "mpn": null, "pack": "Fuse_1812_4532Metric", "value": "500mA", "mount_type": "smt", "place": true}, {"pos_x": 27.104047, "pos_y": 60.560353, "rotation": 180.0, "side": "top", "designator": "C40", "mpn": null, "pack": "CP_Elec_5x3.9", "value": "4u7", "mount_type": "smt", "place": true}, {"pos_x": -3.237208, "pos_y": 28.490616, "rotation": -45.0, "side": "top", "designator": "C1", "mpn": null, "pack": "C_0603_1608Metric", "value": "12p", "mount_type": "smt", "place": true}, {"pos_x": 6.579705, "pos_y": 45.873998, "rotation": 180.0, "side": "top", "designator": "C13", "mpn": null, "pack": "C_0603_1608Metric", "value": "100n", "mount_type": "smt", "place": true}, {"pos_x": 24.026447, "pos_y": 48.813353, "rotation": 180.0, "side": "top", "designator": "D6", "mpn": null, "pack": "MSS1P6-M389A", "value": "MSS1P6-M3/89A", "mount_type": "smt", "place": true}, {"pos_x": -26.540872, "pos_y": 19.514716, "rotation": 135.0, "side": "top", "designator": "R14", "mpn": null, "pack": "R_0603_1608Metric", "value": "2k2", "mount_type": "smt", "place": true}, {"pos_x": -15.483753, "pos_y": 52.039153, "rotation": 180.0, "side": "top", "designator": "R17", "mpn": null, "pack": "R_0603_1608Metric", "value": "325", "mount_type": "smt", "place": true}, {"pos_x": -21.02661, "pos_y": 51.810553, "rotation": 0.0, "side": "top", "designator": "C11", "mpn": null, "pack": "C_0805_2012Metric", "value": "2u2", "mount_type": "smt", "place": true}, {"pos_x": -19.153553, "pos_y": 56.382553, "rotation": 0.0, "side": "top", "designator": "U1", "mpn": null, "pack": "TO-252-4", "value": "TPS7B87", "mount_type": "smt", "place": true}, {"pos_x": -27.315953, "pos_y": 63.702051, "rotation": 180.0, "side": "top", "designator": "U7", "mpn": null, "pack": "SOT-23", "value": "MCP1792T-5002H/CB ", "mount_type": "smt", "place": true}, {"pos_x": 21.649047, "pos_y": 68.785353, "rotation": 180.0, "side": "top", "designator": "J6", "mpn": null, "pack": "TerminalBlock_4Ucon_1x02_P3.50mm_Horizontal", "value": "PWR_OUT", "mount_type": "tht", "place": true}, {"pos_x": -0.350553, "pos_y": 63.950353, "rotation": 180.0, "side": "top", "designator": "C25", "mpn": null, "pack": "C_0603_1608Metric", "value": "100n", "mount_type": "smt", "place": true}, {"pos_x": -21.725953, "pos_y": 15.660353, "rotation": -45.0, "side": "top", "designator": "C30", "mpn": null, "pack": "C_0603_1608Metric", "value": "100p", "mount_type": "smt", "place": true}, {"pos_x": -4.055953, "pos_y": 46.550353, "rotation": 135.0, "side": "top", "designator": "C36", "mpn": null, "pack": "C_0603_1608Metric", "value": "2u2", "mount_type": "smt", "place": true}, {"pos_x": -11.992553, "pos_y": 65.661053, "rotation": 0.0, "side": "top", "designator": "J3", "mpn": null, "pack": "JST_EH_S2B-EH_1x02_P2.50mm_Horizontal", "value": "CAN_IN", "mount_type": "tht", "place": true}, {"pos_x": -17.235953, "pos_y": 41.970353, "rotation": -135.0, "side": "top", "designator": "C6", "mpn": null, "pack": "C_0603_1608Metric", "value": "100n", "mount_type": "smt", "place": true}, {"pos_x": -23.369953, "pos_y": 47.924353, "rotation": 180.0, "side": "top", "designator": "U5", "mpn": null, "pack": "SOT-23-6", "value": "USBLC6-2SC6", "mount_type": "smt", "place": true}, {"pos_x": 25.958811, "pos_y": 26.590353, "rotation": 180.0, "side": "top", "designator": "SW4", "mpn": null, "pack": "SW_DIP_SPSTx06_Slide_6.7x16.8mm_W8.61mm_P2.54mm_LowProfile", "value": "A6S-6104-PH", "mount_type": "smt", "place": true}, {"pos_x": 23.986447, "pos_y": 41.193353, "rotation": 180.0, "side": "top", "designator": "D5", "mpn": null, "pack": "MSS1P6-M389A", "value": "MSS1P6-M3/89A", "mount_type": "smt", "place": true}, {"pos_x": -20.296553, "pos_y": 19.425553, "rotation": 135.0, "side": "top", "designator": "U6", "mpn": null, "pack": "TSSOP-16_4.4x5mm_P0.65mm", "value": "IPS2200", "mount_type": "smt", "place": true}, {"pos_x": -22.835916, "pos_y": 24.535353, "rotation": 135.0, "side": "top", "designator": "C32", "mpn": null, "pack": "C_0603_1608Metric", "value": "47n", "mount_type": "smt", "place": true}, {"pos_x": -19.475953, "pos_y": 23.560353, "rotation": 135.0, "side": "top", "designator": "C31", "mpn": null, "pack": "C_0603_1608Metric", "value": "100p", "mount_type": "smt", "place": true}, {"pos_x": -23.325953, "pos_y": 15.160353, "rotation": -45.0, "side": "top", "designator": "C28", "mpn": null, "pack": "C_0603_1608Metric", "value": "100p", "mount_type": "smt", "place": true}, {"pos_x": 24.599947, "pos_y": 50.845353, "rotation": 0.0, "side": "top", "designator": "R15", "mpn": null, "pack": "R_1206_3216Metric", "value": "0.1", "mount_type": "smt", "place": true}, {"pos_x": 13.770605, "pos_y": 56.636553, "rotation": 180.0, "side": "top", "designator": "R8", "mpn": null, "pack": "R_0603_1608Metric", "value": "120", "mount_type": "smt", "place": true}, {"pos_x": -28.493553, "pos_y": 48.04797, "rotation": -90.0, "side": "top", "designator": "J1", "mpn": null, "pack": "USB_Micro-B_Amphenol_10103594-0001LF_Horizontal", "value": "USB_B_Micro", "mount_type": "smt", "place": true}, {"pos_x": -18.700953, "pos_y": 11.335353, "rotation": 135.0, "side": "top", "designator": "C14", "mpn": null, "pack": "C_0603_1608Metric", "value": "2n2", "mount_type": "smt", "place": true}, {"pos_x": 15.494714, "pos_y": 44.977953, "rotation": 90.0, "side": "top", "designator": "U4", "mpn": null, "pack": "TQFP-48-1EP_7x7mm_P0.5mm_EP5x5mm", "value": "TMC2130-TA", "mount_type": "smt", "place": true}, {"pos_x": 8.531922, "pos_y": 48.915798, "rotation": 0.0, "side": "top", "designator": "C20", "mpn": null, "pack": "C_0603_1608Metric", "value": "100n", "mount_type": "smt", "place": true}, {"pos_x": 10.615247, "pos_y": 50.678418, "rotation": 180.0, "side": "top", "designator": "C17", "mpn": null, "pack": "C_0805_2012Metric", "value": "22n", "mount_type": "smt", "place": true}, {"pos_x": -11.939953, "pos_y": 31.922353, "rotation": -135.0, "side": "top", "designator": "C10", "mpn": null, "pack": "C_0603_1608Metric", "value": "2u2", "mount_type": "smt", "place": true}, {"pos_x": 23.510377, "pos_y": 56.839753, "rotation": 180.0, "side": "top", "designator": "R10", "mpn": null, "pack": "R_0603_1608Metric", "value": "22k", "mount_type": "smt", "place": true}, {"pos_x": -24.395953, "pos_y": 42.230353, "rotation": 0.0, "side": "top", "designator": "R4", "mpn": null, "pack": "R_0603_1608Metric", "value": "10k", "mount_type": "smt", "place": true}, {"pos_x": -30.015953, "pos_y": 63.482051, "rotation": 90.0, "side": "top", "designator": "C38", "mpn": null, "pack": "C_0603_1608Metric", "value": "1u", "mount_type": "smt", "place": true}, {"pos_x": -17.883553, "pos_y": 68.701553, "rotation": 180.0, "side": "top", "designator": "J5", "mpn": null, "pack": "TerminalBlock_4Ucon_1x02_P3.50mm_Horizontal", "value": "PWR_IN", "mount_type": "tht", "place": true}, {"pos_x": -28.841664, "pos_y": 33.573473, "rotation": -90.0, "side": "top", "designator": "SW3", "mpn": null, "pack": "C J S - 1 2 0 1 T B 1", "value": "BOOT1", "mount_type": "smt", "place": true}, {"pos_x": 29.060447, "pos_y": 41.253353, "rotation": 90.0, "side": "top", "designator": "J7", "mpn": null, "pack": "JST_EH_B4B-EH-A_1x04_P2.50mm_Vertical", "value": "STEPPER", "mount_type": "tht", "place": true}, {"pos_x": -25.579753, "pos_y": 54.233553, "rotation": -90.0, "side": "top", "designator": "C9", "mpn": null, "pack": "C_0603_1608Metric", "value": "100n", "mount_type": "smt", "place": true}, {"pos_x": -0.235953, "pos_y": 68.420353, "rotation": 90.0, "side": "top", "designator": "U3", "mpn": null, "pack": "SOIC-8_3.9x4.9mm_P1.27mm", "value": "TJA1050", "mount_type": "smt", "place": true}, {"pos_x": -10.3801, "pos_y": 51.211474, "rotation": 135.0, "side": "top", "designator": "D8", "mpn": null, "pack": "0603_RGB", "value": "APF3236LSEEZGKQBKC", "mount_type": "smt", "place": true}, {"pos_x": -6.273961, "pos_y": 48.658361, "rotation": 135.0, "side": "top", "designator": "C5", "mpn": null, "pack": "C_0603_1608Metric", "value": "100n", "mount_type": "smt", "place": true}, {"pos_x": -9.820961, "pos_y": 31.882345, "rotation": -135.0, "side": "top", "designator": "C8", "mpn": null, "pack": "C_0603_1608Metric", "value": "2u2", "mount_type": "smt", "place": true}, {"pos_x": 23.442247, "pos_y": 52.978953, "rotation": 180.0, "side": "top", "designator": "C18", "mpn": null, "pack": "C_0603_1608Metric", "value": "1u", "mount_type": "smt", "place": true}, {"pos_x": -18.257953, "pos_y": 49.275353, "rotation": -90.0, "side": "top", "designator": "R6", "mpn": null, "pack": "R_0603_1608Metric", "value": "2k2", "mount_type": "smt", "place": true}, {"pos_x": -0.128953, "pos_y": 35.732353, "rotation": -135.0, "side": "top", "designator": "L1", "mpn": null, "pack": "L_0603_1608Metric", "value": "39n", "mount_type": "smt", "place": true}, {"pos_x": 24.534447, "pos_y": 39.161353, "rotation": 0.0, "side": "top", "designator": "R16", "mpn": null, "pack": "R_1206_3216Metric", "value": "0.1", "mount_type": "smt", "place": true}, {"pos_x": 23.986447, "pos_y": 43.453953, "rotation": 180.0, "side": "top", "designator": "D4", "mpn": null, "pack": "MSS1P6-M389A", "value": "MSS1P6-M3/89A", "mount_type": "smt", "place": true}, {"pos_x": 9.822447, "pos_y": 65.534053, "rotation": 0.0, "side": "top", "designator": "J4", "mpn": null, "pack": "JST_EH_S2B-EH_1x02_P2.50mm_Horizontal", "value": "CAN_OUT", "mount_type": "tht", "place": true}, {"pos_x": 6.566705, "pos_y": 47.397998, "rotation": 180.0, "side": "top", "designator": "C16", "mpn": null, "pack": "C_0603_1608Metric", "value": "100n", "mount_type": "smt", "place": true}, {"pos_x": -19.825953, "pos_y": 49.285353, "rotation": 90.0, "side": "top", "designator": "R5", "mpn": null, "pack": "R_0603_1608Metric", "value": "1k3", "mount_type": "smt", "place": true}, {"pos_x": -16.105553, "pos_y": 20.314553, "rotation": 135.0, "side": "top", "designator": "C19", "mpn": null, "pack": "C_0603_1608Metric", "value": "100n", "mount_type": "smt", "place": true}, {"pos_x": 13.856479, "pos_y": 51.023153, "rotation": 180.0, "side": "top", "designator": "C22", "mpn": null, "pack": "C_0603_1608Metric", "value": "470n", "mount_type": "smt", "place": true}, {"pos_x": -21.267553, "pos_y": 29.839553, "rotation": 180.0, "side": "top", "designator": "J2", "mpn": null, "pack": "PinHeader_2x05_P1.27mm_Vertical_SMD", "value": "SWD_mini", "mount_type": "smt", "place": true}, {"pos_x": -18.285953, "pos_y": 43.040353, "rotation": 45.0, "side": "top", "designator": "C37", "mpn": null, "pack": "C_0603_1608Metric", "value": "2u2", "mount_type": "smt", "place": true}, {"pos_x": 2.223792, "pos_y": 33.951616, "rotation": 135.0, "side": "top", "designator": "C2", "mpn": null, "pack": "C_0603_1608Metric", "value": "12p", "mount_type": "smt", "place": true}, {"pos_x": -26.345953, "pos_y": 29.990353, "rotation": 90.0, "side": "top", "designator": "R1", "mpn": null, "pack": "R_0603_1608Metric", "value": "10k", "mount_type": "smt", "place": true}, {"pos_x": -26.880953, "pos_y": 66.142051, "rotation": 180.0, "side": "top", "designator": "C39", "mpn": null, "pack": "C_0603_1608Metric", "value": "100n", "mount_type": "smt", "place": true}, {"pos_x": 24.006447, "pos_y": 46.146353, "rotation": 180.0, "side": "top", "designator": "D7", "mpn": null, "pack": "MSS1P6-M389A", "value": "MSS1P6-M3/89A", "mount_type": "smt", "place": true}, {"pos_x": -8.475953, "pos_y": 40.130353, "rotation": 135.0, "side": "top", "designator": "U2", "mpn": null, "pack": "LQFP-64_10x10mm_P0.5mm", "value": "STM32F405RGTx", "mount_type": "smt", "place": true}, {"pos_x": 18.868462, "pos_y": 54.401353, "rotation": 90.0, "side": "top", "designator": "C23", "mpn": null, "pack": "CP_Elec_5x3.9", "value": "4u7", "mount_type": "smt", "place": true}]